{"Assessed Value":{"mean":279143.665386432,"min":0.0,"max":881510000.0,"std":1670609.8576245031,"sum":278365691991.0},"Sale Amount":{"mean":391151.1835411994,"min":0.0,"max":5000000000.0,"std":5347270.2120370651,"sum":390061045192.6697998047},"Sales Ratio":{"mean":10.4463736317,"min":0.0,"max":1226420.0,"std":1890.1917961627,"sum":10417259.5883603897}}