{"sum": 589538.0, "avr": 541.3572084481175, "sumMD": 17564.0, "avrMD": 532.2424242424242, "sumSD": 16712.0, "avrSD": 506.42424242424244, "max": 997.0, "min": 100.0}